,Title,Company,Location
0,Senior Content Writer,EverLighten,"New Delhi, Delhi"
1,"new
Content Lead",The Strategists,"Hauz Khas, Delhi, Delhi"
2,Content Writer or Article Editor for Mybestguide,Chahal Academy Private Limited,"Karol Bagh, Delhi, Delhi"
3,"new
Social Media Specialist",Made Easy Education Pvt. Ltd,"Delhi, Delhi"
4,"new
Freelance Content Editor",EC-Council,"Temporarily Remote in Delhi, Delhi"
5,"new
Content Writer_Work from Office_Only Females(Urgent Hiring)",SIEC Education Pvt. Ltd.,"Janakpuri, Delhi, Delhi"
6,Content Writer,AI Web Solutions,"Remote in Delhi, Delhi"
7,Social Media Manager,Zolie Skin Clinic,"Greater Kailash, Delhi, Delhi"
8,"new
Content Creator",ARHAM TECHNOLOGIES LTD,"Remote in Delhi, Delhi"
9,Content Manager / Content Lead,E2E Networks,"New Delhi, Delhi"
10,"new
Content Writer",People Alliance Human Resource Development...,"New Delhi, Delhi"
11,Editorial Researcher- Europa Directory,Taylor and Francis,"Remote in New Delhi, Delhi"
12,Managing Editor,Harbour Press International,"Delhi, Delhi"
13,"new
Social Media Manager",Dots per inch,"New Delhi, Delhi"
14,"new
Social Media Manager",QinoxTech,"Delhi, Delhi"
